<?xml version="1.0" encoding="UTF-8"?>
<project-private xmlns="http://www.netbeans.org/ns/project-private/1">
    <editor-bookmarks xmlns="http://www.netbeans.org/ns/editor-bookmarks/2" lastBookmarkId="0"/>
    <open-files xmlns="http://www.netbeans.org/ns/projectui-open-files/2">
        <group>
            <file>file:/C:/Users/Aaron/Desktop/Programming%20Projects/Networking%20Homework/Networking-Class/Networking%20Assignment%201/src/networking/assignment/pkg1/NetworkingAssignment1.java</file>
            <file>file:/C:/Users/Aaron/Desktop/Programming%20Projects/Networking%20Homework/Networking-Class/Networking%20Assignment%201/src/networking/assignment/pkg1/BankService.java</file>
        </group>
    </open-files>
</project-private>
